Organization_name,Min. Project,Rating,Hourly_rate,Total_Employees,Locality,Region,Profile,Website,Mail,Phone
Radixweb," $25,000+ ",4.7,$25 - $49,"""50 - 249""","Ahmedabad,",None,https://clutch.co/profile/radixweb,http://simplified-it-outsourcing.com/?utm_source=clutch&utm_medium=SponsorListing&utm_campaign=clutch,sales@radixweb.com,"
+1.646.801.6885 "
"Cabot Technology Solutions, Inc"," $10,000+ ",4.8,$25 - $49,"""50 - 249""","Highland Heights,",OH,https://clutch.co/profile/cabot-technology-solutions,http://www.cabotsolutions.com/?utm_source=clutchco&utm_medium=clutch_profile&utm_term=clutch&utm_content=companyprofileurl&utm_campaign=clutch_sponsored%20,info@cabotsolutions.com,"
216 704 8767 "
DCSL Software," $50,000+ ",4.8,$50 - $99,"""50 - 249""","London,",None,https://clutch.co/profile/dcsl-software,https://www.dcslsoftware.com/,contact@dcslsoftware.com,"
+44 12 5223 5422 "
Itransition," $10,000+ ",4.8,$25 - $49,"""1,000 - 9,999""","Lakewood,",CO,https://clutch.co/profile/itransition,https://www.itransition.com/,info@itransition.com,"
+1 720-207-2820 "
AltexSoft," $25,000+ ",4.9,$50 - $99,"""50 - 249""","Kharkiv,",None,https://clutch.co/profile/altexsoft,http://www.altexsoft.com/,sales@altexsoft.com,"
+1 877.777.9097 "
INOXOFT," $25,000+ ",5,$25 - $49,"""50 - 249""","Lviv,",None,https://clutch.co/profile/inoxoft,https://inoxoft.com/,contact@inoxoft.com,"
+380 63 836 54 71 "
Geeks ," $25,000+ ",4.7,$200 - $300,"""50 - 249""","London,",None,https://clutch.co/profile/geeks,https://www.geeks.ltd.uk/,hello@geeks.ltd.uk,"
+44 0845 643 6229 "
Brainvire Infotech Inc," $25,000+ ",4.8,$25 - $49,"""250 - 999""","South Jordan,",None,https://clutch.co/profile/brainvire-infotech,https://www.brainvire.com,info@brainvire.com,"
+1-631-897-7276 "
Artelogic," $10,000+ ",5,$25 - $49,"""50 - 249""","Lviv,",None,https://clutch.co/profile/artelogic,https://artelogic.net,hello@artelogic.net,"
+38 067 200 75 14 "
Diceus," $10,000+ ",4.8,$25 - $49,"""50 - 249""","Kyiv,",None,https://clutch.co/profile/diceus,http://diceus.com/,info@diceus.com,"
+380963664726 "
UruIT," $25,000+ ",4.8,$25 - $49,"""50 - 249""","Montevideo,",None,https://clutch.co/profile/uruit,http://www.uruit.com,hello@uruit.com,"
+1 310 409 2021 "
itexico," $10,000+ ",4.8,$25 - $49,"""50 - 249""","Austin,",TX,https://clutch.co/profile/itexico,http://www.itexico.com,osalas@itexico.net,"
(855) 602-1949 "
Vooban," $100,000+ ",5,$100 - $149,"""10 - 49""","Quebec,",None,https://clutch.co/profile/vooban,http://www.vooban.com/en,sales@vooban.com,"
844.800.0027 "
Icreon," $50,000+ ",4.9,$150 - $199,"""50 - 249""","New York,",NY,https://clutch.co/profile/icreon,http://www.icreon.us/?utm_source=clutch,consulting@icreon.com,"
212-706-6021 "
Atlas - Clever Software," $10,000+ ",4.9,$100 - $149,"""10 - 49""","Southend-on-Sea,",None,https://clutch.co/profile/atlas-clever-software,https://www.atlascode.com,hello@atlascode.com,"
0845 867 2845 "
Scio Consulting International," $10,000+ ",4.9,$25 - $49,"""50 - 249""","Morelia,",None,https://clutch.co/profile/scio-consulting-international,http://www.sciodev.com,marketing@sciodev.com,"
 "
Existek," $10,000+ ",4.8,$25 - $49,"""50 - 249""","Vinnitsa,",None,https://clutch.co/profile/existek,https://existek.com/?utm_source=clutch&utm_medium=link&utm_content=profile,contact@existek.com,"
+380986800307 "
Daxima," $25,000+ ",5,$100 - $149,"""50 - 249""","Orinda,",CA,https://clutch.co/profile/daxima,https://www.daxima.com,sales@daxima.com,"
925.885.1972 "
Fingent Corp," $25,000+ ",4.9,$25 - $49,"""50 - 249""","White Plains,",NY,https://clutch.co/profile/fingent-corp,https://www.fingent.com/enterprise-software-developers?utm_source=Clutch&utm_medium=GoldSponsorship&utm_campaign=website,info@fingent.com,"
914. 615.9170 "
Perfectial," $50,000+ ",4.7,$25 - $49,"""50 - 249""","Lviv,",None,https://clutch.co/profile/perfectial,https://perfectial.com/,info@perfectial.com,"
+380322700092 "
CSI Media," $10,000+ ",4.6,$50 - $99,"""10 - 49""","Cheshire ,",None,https://clutch.co/profile/csi-media,https://www.csimedia.net/,enquiries@csimedia.net,"
0344.873.0073 "
Audacia," $25,000+ ",4.8,$100 - $149,"""10 - 49""","Leeds,",None,https://clutch.co/profile/audacia,http://www.audacia.co.uk,info@audacia.co.uk,"
0113 398 4199 "
INGSOFTWARE," $5,000+ ",4.8,$25 - $49,"""50 - 249""","Nis,",None,https://clutch.co/profile/ingsoftware,http://www.ingsoftware.com/,info@ingsoftware.com,"
+381 600 777 888 "
Vertex Ray," $5,000+ ",4.9,$25 - $49,"""10 - 49""","Montevideo,",None,https://clutch.co/profile/vertex-ray,http://vertexray.com/landing/user%20experience/index.html,contactus@vertexray.com,"
+598 (2) 900 4732 "
Future Processing," $25,000+ ",5,$25 - $49,"""250 - 999""","Gliwice,",None,https://clutch.co/profile/future-processing,http://www.future-processing.com,sales@future-processing.com,"
48.32.461.2300 "
Byndyusoft, Undisclosed,5,$25 - $49,"""10 - 49""","London,",None,https://clutch.co/profile/byndyusoft,https://byndyusoft.com,ceo@byndyusoft.com,"
1-646-982-1481 "
New Line Technologies," $5,000+ ",4.9,$25 - $49,"""50 - 249""","Kharkiv,",None,https://clutch.co/profile/new-line-technologies,http://newline.tech,sales@newline.tech,"
+38 094 978 12 15 "
MentorMate," $50,000+ ",4.7,$50 - $99,"""250 - 999""","Minneapolis,",MN,https://clutch.co/profile/mentormate,https://mentormate.com/?utm_source=clutch.co&utm_medium=platinum-sponsor&utm_campaign=clutch&utm_content=company-profile,accelerate@mentormate.com,"
877.959.2390 "
Cygnet Infotech ," $100,000+ ",4.9,$50 - $99,"""250 - 999""","Ahmedabad,",None,https://clutch.co/profile/cygnet-infotech,https://www.cygnet-infotech.com/,inquiry@cygnetinfotech.com,"
+91-79-67124000 "
DevRain Solutions," $5,000+ ",4.8,$25 - $49,"""10 - 49""","Kyiv,",None,https://clutch.co/profile/devrain-solutions,http://devrain.com,info@devrain.com,"
+38 (063) 26-55-367 "
Softwire," $50,000+ ",4.8,$300+,"""50 - 249""","London,",None,https://clutch.co/profile/softwire,http://www.softwire.com/,info@softwire.com,"
+44 020 7485 7500 "
Nevron Software," $5,000+ ",4.8,$50 - $99,"""10 - 49""","Sofia,",None,https://clutch.co/profile/nevron-software,http://www.nevron.com,email@nevron.com,"
359.2.422.4020 "
UKAD," $5,000+ ",4.6,$25 - $49,"""50 - 249""","Sheffield,",None,https://clutch.co/profile/ukad,https://www.ukad-group.com/?utm_source=clutch&utm_medium=referral,hi@ukad-group.com,"
+441143607578 "
Vimanet," $25,000+ ",4.9,$25 - $49,"""10 - 49""","Krakow,",None,https://clutch.co/profile/vimanet,http://vimanet.com/,sales@vimanet.com,"
+48 664 385 621 "
Exoft ," $10,000+ ",4.9,$25 - $49,"""10 - 49""","L'viv,",None,https://clutch.co/profile/exoft,http://www.exoft.net/,contactus@exoft.net,"
+38 (095) 004-01-10 "
RAI TECHINTRO PVT. LTD.," $5,000+ ",5,$25 - $49,"""10 - 49""","Bangalore,",None,https://clutch.co/profile/rai-techintro,http://www.raitechintro.com/,sales@raitechintro.com,"
9448408016 "
Belitsoft, Undisclosed,5,$25 - $49,"""50 - 249""","Minsk,",None,https://clutch.co/profile/belitsoft,https://belitsoft.com,vtursin@belitsoft.com,"
+375 (25) 694-36-77 "
Exadel," $100,000+ ",4.9,$25 - $49,"""250 - 999""","Walnut Creek,",CA,https://clutch.co/profile/exadel,https://www.exadel.com/,info@exadel.com,"
1866-297-3860 "
Primtek," $5,000+ ",5,$100 - $149,"""2 - 9""","Denham Springs,",LA,https://clutch.co/profile/primtek,http://www.primtek.net,info@primtek.net,"
1-225-304-0614 "
Leale Solutions," $5,000+ ",5,$25 - $49,"""10 - 49""","Boca Raton,",FL,https://clutch.co/profile/leale-solutions,http://lealesolutions.com/,steven.bowman@lealesolutions.com,"
561.600.0470 "
Oxagile ," $50,000+ ",4.4,$50 - $99,"""50 - 249""","New York,",NY,https://clutch.co/profile/oxagile,https://www.oxagile.com/,info@oxagile.com,"
855.466.9244 "
Engage Software, Undisclosed,5,$100 - $149,"""10 - 49""","St. Louis,",MO,https://clutch.co/profile/engage-software,http://www.engagesoftware.com/,dnnexperts@engagesoftware.cexp,"
314.966.4000 "
Chicago Software Solutions," $10,000+ ",5,$100 - $149,"""10 - 49""","Chicago,",IL,https://clutch.co/profile/chicago-software-solutions,https://chicagoit.com,info@chicagoit.com,"
312-245-1400 "
Lvivity," $5,000+ ",4.5,$25 - $49,"""50 - 249""","Lviv,",None,https://clutch.co/profile/lvivity,https://lvivity.com/,sales@lvivity.com,"
+380950040047 "
InToSoft," $5,000+ ",4.8,$25 - $49,"""50 - 249""","Kaatsheuvel,",None,https://clutch.co/profile/intosoft,http://www.intosoft.nl/,vadim.konovalov@intosoft.nl,"
+31 (0) 416 277 709 "
Bitbean.com," $25,000+ ",5,$150 - $199,"""50 - 249""","Lakewood,",NJ,https://clutch.co/profile/bitbean,http://bitbean.com,info@bitbean.com,"
732-806-1125 "
Classic Informatics Pvt. Ltd.," $10,000+ ",4.9,$25 - $49,"""50 - 249""","New Delhi,",None,https://clutch.co/profile/classic-informatics,http://www.classicinformatics.com,info@classicinformatics.com,"
+91-11-29532493 "
VTS Software," $10,000+ ",4.9,$50 - $99,"""10 - 49""","Manchester,",None,https://clutch.co/profile/vts-software,https://www.vtssoftware.com,enquiries@vtssoftware.com,"
+44 161 408 1887 "
Emergent Software," $5,000+ ",4.8,$100 - $149,"""10 - 49""","Minneapolis,",MN,https://clutch.co/profile/emergent-software,https://www.emergentsoftware.net,info@emergentsoftware.net,"
 "
"INVID, LLC"," $25,000+ ",4.8,$50 - $99,"""10 - 49""","San Juan,",PR,https://clutch.co/profile/invid,http://invidgroup.com,sales@invidgroup.com,"
800-730-3458 "
Inwedo, Undisclosed,4.3,$25 - $49,"""10 - 49""","Lodz,",None,https://clutch.co/profile/inwedo,http://inwedo.com/,hello@inwedo.com,"
+48 42 634 00 96 "
Velocity Partners, Undisclosed,4.7,$25 - $49,"""250 - 999""","Seattle,",WA,https://clutch.co/profile/velocity-partners,http://www.velocitypartners.net/,info@velocitypartners.net,"
425.454.2686 "
"Gavant Software, Inc."," $25,000+ ",5,$100 - $149,"""10 - 49""","Troy,",NY,https://clutch.co/profile/gavant-software,http://www.gavant.com,sales@gavant.com,"
+1.518.273.2880 "
Sigma Software," $10,000+ ",4.5,$25 - $49,"""250 - 999""","Kharkiv,",None,https://clutch.co/profile/sigma-software,https://sigma.software/#utm_source=clutch.co,info@sigma.software,"
+380 (57) 7660159 "
Zealous System," $5,000+ ",4.8,< $25,"""50 - 249""","Ahmedabad,",None,https://clutch.co/profile/zealous-system,https://www.zealousys.com/?utm_source=Clutch&utm_medium=listing,info@zealousys.com,"
+91 9925016519 "
Trust Sourcing, Undisclosed,4.8,$50 - $99,"""50 - 249""","Kiev,",None,https://clutch.co/profile/trust-sourcing,http://trustsourcing.com/,elena.buzovska@trustsourcing.com,"
+38 050 265 71 60 "
Launch Deck," $10,000+ ",4.7,$25 - $49,"""50 - 249""","Iowa City,",IA,https://clutch.co/profile/launch-deck,http://www.launchdeck.org,team@launchdeck.org,"
319.400.9929 "
SimbirSoft," $25,000+ ",4.9,$50 - $99,"""250 - 999""","Lexington,",None,https://clutch.co/profile/simbirsoft,https://www.simbirsoft.com/?utm_source=clutch,request@simbirsoft.com,"
+1 617 982 1723 "
inVeritaSoft," $25,000+ ",4.6,$25 - $49,"""50 - 249""","Lviv,",None,https://clutch.co/profile/inveritasoft,http://inveritasoft.com,contactus@inveritasoft.com,"
(929) 999 1232 "
Essential Designs," $10,000+ ",5,$50 - $99,"""10 - 49""","Vancouver,",None,https://clutch.co/profile/essential-designs,https://www.essentialdesigns.net,info@essentialdesigns.net,"
604-568-7800 "
SolbegSoft, Undisclosed,4.5,$25 - $49,"""50 - 249""","Minsk,",None,https://clutch.co/profile/solbegsoft,http://solbeg.com,business@solbeg.com,"
+375291765234 "
SvitSoft," $1,000+ ",5,< $25,"""50 - 249""","Kyiv,",None,https://clutch.co/profile/svitsoft,http://dev.svitsoft.com/en/,svitsoft@svitsoft.com,"
+38 044 459 27 87 "
lilcodelab," $5,000+ ",5,$50 - $99,"""2 - 9""","Split,",None,https://clutch.co/profile/lilcodelab,http://lilcodelab.com/,code@lilcodelab.com,"
+385 91 5790 119 "
Forbytes," $50,000+ ",4.9,$25 - $49,"""10 - 49""","Helsinborg, E-commerce Park,",None,https://clutch.co/profile/forbytes,https://forbytes.com/,contact@forbytes.com,"
+46 (0) 73 612 22 79 "
Flexsin Inc.," $10,000+ ",4.5,$25 - $49,"""250 - 999""","Dallas,",TX,https://clutch.co/profile/flexsin,http://www.flexsin.com/,info@flexsin.com,"
+1-469-305-9770 "
DOOR3," $25,000+ ",4.6,None,"""50 - 249""","New York,",NY,https://clutch.co/profile/door3,http://www.door3.com,projects@door3.com,"
646-351-0012 "
Arcadia," $50,000+ ",4.6,$25 - $49,"""250 - 999""","Saint-Petersburg,",None,https://clutch.co/profile/arcadia,http://softwarecountry.com/,info@softwarecountry.com,"
+7 812 610 5955 "
CodeProud," $5,000+ ",5,$50 - $99,"""10 - 49""","Warszawa,",None,https://clutch.co/profile/codeproud,http://www.codeproud.com,info@codeproud.com,"
+48.22.308.0.999 "
Inceptive Technologies," $5,000+ ",4.8,< $25,"""10 - 49""","Pune,",None,https://clutch.co/profile/inceptive-technologies,http://www.inceptivetechnologies.com,vijay@inceptivetechnologies.com,"
+1 561 283 4455 "
JMMJ," $5,000+ ",4.8,$50 - $99,"""10 - 49""","Warsaw,",None,https://clutch.co/profile/jmmj,http://jmmj.software,hello@jmmj.software,"
+48 502 174 157 "
SoftElegance," $10,000+ ",4.7,$25 - $49,"""10 - 49""","Kyiv,",None,https://clutch.co/profile/softelegance,http://www.softelegance.com,vvargola@softelegance.com,"
+380503735650 "
In'saneLab," $5,000+ ",5,$50 - $99,"""10 - 49""","Bethlehem ,",PA,https://clutch.co/profile/insanelab,http://insanelab.com,contact@insanelab.com,"
+1 (215) 422 3697 "
Spiralogics," $10,000+ ",5,$100 - $149,"""10 - 49""","Atlanta,",GA,https://clutch.co/profile/spiralogics,http://www.spiralogics.com,sales@spiralogics.com,"
770.209.9596 "
DevCom," $5,000+ ",4.9,$25 - $49,"""50 - 249""","Lviv,",None,https://clutch.co/profile/devcom,http://devcom.com,sales@devcom.com,"
+380 322 444077 "
Practia," $5,000+ ",4.8,$50 - $99,"""50 - 249""","Montevideo,",None,https://clutch.co/profile/practia,http://www.practiaconsulting.com,contacto_uruguay@practia.global,"
+59829290315 "
Code Runners," $25,000+ ",4.8,$50 - $99,"""10 - 49""","Sofia,",None,https://clutch.co/profile/code-runners,http://www.code-runners.com,sales@code-runners.com,"
 "
CMARIX," $5,000+ ",4.8,< $25,"""50 - 249""","Gujarat,",None,https://clutch.co/profile/cmarix,https://www.cmarix.com/,biz@cmarix.com,"
 "
toughlex," $1,000+ ",4.5,$25 - $49,"""10 - 49""","Kaunas,",None,https://clutch.co/profile/toughlex,https://www.toughlex.com/,contact@toughlex.com,"
+370 695 64085 "
OCSICO, Undisclosed,4.5,$25 - $49,"""50 - 249""","Minsk,",None,https://clutch.co/profile/ocsico,https://www.ocsico.com,contact@ocsico.com,"
+375 17 290 8639 "
Honeycomb Software," $10,000+ ",4.7,< $25,"""10 - 49""",None,None,https://clutch.co/profile/honeycomb-software,http://www.honeycombsoft.com/,info@honeycombsoft.com,"
+380503759418 "
MaxSoft," $5,000+ ",5,< $25,"""10 - 49""","Sofia,",None,https://clutch.co/profile/maxsoft,http://maxsoft.bg/en,office@maxsoft.bg,"
 "
DevBatch," $25,000+ ",5,$50 - $99,"""50 - 249""","Lahore,",None,https://clutch.co/profile/devbatch,https://www.devbatch.com/,hello@devbatch.com,"
+92 423 591 1327 "
ITCube Solutions Pvt. Ltd.," $25,000+ ",4.8,$25 - $49,"""250 - 999""","Cincinnati,",OH,https://clutch.co/profile/itcube-solutions,http://www.itcube.net,inquiry@itcube.net,"
+1-800-558-8709 "
evozon, Undisclosed,4.7,$25 - $49,"""250 - 999""","Transylvania,",None,https://clutch.co/profile/evozon,http://www.evozon.com,samuel.andras@evozon.com,"
+ 40 364 101204 "
Venture Aviator," $25,000+ ",4.9,$50 - $99,"""10 - 49""","New York,",NY,https://clutch.co/profile/venture-aviator,http://www.ventureaviator.com,info@ventureaviator.com,"
212.913.9746 "
Itera, Undisclosed,4.5,$50 - $99,"""250 - 999""","Oslo,",None,https://clutch.co/profile/itera,http://www.itera.no/,anastasiya.pozynich@itera.no,"
+47 23 00 76 50 "
"CMS Website Services, LLC"," $10,000+ ",4.9,$50 - $99,"""10 - 49""","Raleigh,",NC,https://clutch.co/profile/cms-website-services,https://www.cmswebsiteservices.com/,info@cmswebsiteservices.com,"
800-796-2735 "
Gecko Dynamics," $10,000+ ",4.9,$25 - $49,"""10 - 49""","Cracow,",None,https://clutch.co/profile/gecko-dynamics,http://geckodynamics.com/,hello@geckodynamics.com,"
+48 660 766 911 "
Bright Interactive," $50,000+ ",4.8,$100 - $149,"""10 - 49""","East Sussex,",None,https://clutch.co/profile/bright-interactive,http://www.bright-interactive.com/,info@bright-interactive.com,"
+44 12 7392 3150 "
Synergo Group, Undisclosed,4.8,$25 - $49,"""10 - 49""","Toronto,",None,https://clutch.co/profile/synergo-group,http://synergogroup.net/,info@synergogroup.net,"
+1 (647) 560-4412 "
DevUp Labs," $5,000+ ",4.7,$25 - $49,"""10 - 49""","Kiev,",None,https://clutch.co/profile/devup-labs,http://devup-labs.com/,daniel@devup-labs.com,"
 "
FreezePro Software, Undisclosed,4.8,$25 - $49,"""10 - 49""","Lviv,",None,https://clutch.co/profile/freezepro-software,http://freezeprosoftware.com,sales@freezeprosoftware.com,"
+380673534869 "
Angry Nerds, Undisclosed,4.9,$25 - $49,"""10 - 49""","Wroclaw,",None,https://clutch.co/profile/angry-nerds,https://angrynerds.pl/,hello@angrynerds.pl,"
+48 603 151 333 "
Codaxy," $5,000+ ",4.8,$25 - $49,"""10 - 49""","Banja Luka,",None,https://clutch.co/profile/codaxy,https://www.codaxy.com/,office@codaxy.com,"
+387 51 922-710 "
Net Solutions ," $10,000+ ",4.8,$25 - $49,"""50 - 249""","Chandigarh,",None,https://clutch.co/profile/net-solutions,http://www.netsolutions.com/clutch,info@netsolutions.com,"
+91 (172) 431-5000 "
Unicreo," $10,000+ ",4.5,$25 - $49,"""10 - 49""","Dnipro,",None,https://clutch.co/profile/unicreo,http://www.unicreo.com,aj@unicreo.com,"
+38 (050) 609 04 39 "
Equaleyes Solutions Ltd. ," $10,000+ ",4.9,$50 - $99,"""10 - 49""","London,",None,https://clutch.co/profile/equaleyes-solutions,https://equaleyes.com/?c1,letsgo@equaleyes.com,"
+44 20 812 314 37 "
3ort Inenjering," $5,000+ ",5,< $25,"""2 - 9""","Belgrade,",None,https://clutch.co/profile/3ort-in%C5%BEenjering,http://www.3ort.com,office@3ort.com,"
+381112494715 "
"Artifex Technology Consulting, Inc."," $10,000+ ",5,$100 - $149,"""10 - 49""","Lincoln,",RI,https://clutch.co/profile/artifex-technology-consulting,http://www.artifextech.com,Info@artifextech.com,"
401-723-6644 "
8th Light," $10,000+ ",4.5,$150 - $199,"""50 - 249""","Chicago,",IL,https://clutch.co/profile/8th-light,https://8thlight.com/,info@8thlight.com,"
877.407.4154 "
YouTeam," $5,000+ ",4.9,$25 - $49,"""10 - 49""","London,",None,https://clutch.co/profile/youteam,http://www.youteam.co.uk/,a@youteam.co.uk,"
+44 020 3858687878 "
IT Link Solutions," $1,000+ ",4.7,< $25,"""2 - 9""","Corona,",CA,https://clutch.co/profile/it-link-solutions,http://www.itlinksolutions.com,info@itlinksolutions.com,"
714.343.4280 "
ConvergeSol," $1,000+ ",4.8,$25 - $49,"""10 - 49""","Ahmedabad,",None,https://clutch.co/profile/convergesol,http://www.convergesolution.com,info@convergesolution.com,"
+91.82389.90929 "
Toptal," $25,000+ ",4.6,$100 - $149,"""1,000 - 9,999""","San Francisco,",CA,https://clutch.co/profile/toptal,https://www.toptal.com/,,"
888.604.3188 "
Clarion Technologies," $25,000+ ",4.7,$25 - $49,"""250 - 999""","Pune,",None,https://clutch.co/profile/clarion-technologies,http://www.clariontech.com,info@clariontech.com,"
800.902.6361 "
Miritec, Undisclosed,4.8,None,"""50 - 249""","Kiev,",None,https://clutch.co/profile/miritec,http://www.miritec.com/,sales@miritec.com,"
+1-516-321-1711 "
Flexaspect," $5,000+ ",4.9,$25 - $49,"""10 - 49""","Bellevue,",WA,https://clutch.co/profile/flexaspect,https://www.flexaspect.com/?utm_source=clutch&utm_medium=referral,hi@flexaspect.com,"
+1-425-247-0867  "
FreshCode," $10,000+ ",4.9,$25 - $49,"""50 - 249""","Zaporizhzhya,",None,https://clutch.co/profile/freshcode,https://freshcodeit.com,alex@freshcodeit.com,"
+380 96 588 02 89 "
ACAP , Undisclosed,4.3,$50 - $99,"""10 - 49""","Fort Lauderdale,",FL,https://clutch.co/profile/acap,http://acapglobal.com,info@acapglobal.com,"
954.376.7672 "
Volare Systems," $25,000+ ",4.5,$100 - $149,"""2 - 9""","Highlands Ranch,",CO,https://clutch.co/profile/volare-systems,https://volaresystems.com,sales@volaresystems.com,"
303.532.5838  "
LLC Hello World! Technologies (HWdTech LLC)," $5,000+ ",5,$25 - $49,"""10 - 49""","Omsk,",None,https://clutch.co/profile/hello-world-technologies-hwdtech,http://hwdtech.com,contacts@hwdtech.ru,"
+7 913 150 22 04 "
QNIUM," $1,000+ ",5,$50 - $99,"""10 - 49""","Moscow,",None,https://clutch.co/profile/qnium,http://qnium.com,office@qnium.com,"
+7 495 988 07 64 "
Abto Software, Undisclosed,4.3,$25 - $49,"""250 - 999""","Lviv,",None,https://clutch.co/profile/abto-software,http://www.abtosoftware.com/,office@abtosoftware.com,"
+38.097.952.1622 "
Specific-Group Software Solutions," $25,000+ ",4.8,$25 - $49,"""50 - 249""","Miami,",FL,https://clutch.co/profile/specific-group-software-solutions,https://www.specific-group.com,office@specific-group.com,"
786-916-2452 "
Zfort Group," $1,000+ ",5,$25 - $49,"""50 - 249""","Kharkiv,",None,https://clutch.co/profile/zfort-group,https://www.zfort.com/?utm_source=clutch,contact@zfort.com,"
+38 093 391 91 91 "
Digiteum," $10,000+ ",4.9,$25 - $49,"""10 - 49""","Minsk,",None,https://clutch.co/profile/digiteum,http://www.digiteum.com,hello@digiteum.com,"
 "
Cleverlance Enterprise Solutions a.s.," $25,000+ ",4.3,$100 - $149,"""250 - 999""","Redwood City,",CA,https://clutch.co/profile/cleverlance-enterprise-solutions,http://www.cleverlance.com,mobile@cleverlance.com,"
+420777929409 "
Cortlex," $10,000+ ",4.8,$25 - $49,"""10 - 49""","Minsk,",None,https://clutch.co/profile/cortlex,http://cortlex.com/,info@cortlex.com,"
+375297781555 "
CoreBuild, Undisclosed,4.3,$25 - $49,"""10 - 49""","Cluj-Napoca,",None,https://clutch.co/profile/corebuild,http://www.corebuild.eu,office@corebuild.eu,"
+40742162724 "
Binariks," $10,000+ ",4.9,$25 - $49,"""50 - 249""","Lviv,",None,https://clutch.co/profile/binariks,http://binariks.com,sales@binariks.com,"
+1-415-655-1084 "
Code Precision, Undisclosed,5,None,"""10 - 49""","Tel Aviv,",None,https://clutch.co/profile/code-precision,http://codeprecision.com,codeprecision@gmail.com,"
972.54.3594162 "
Arkano Software," $25,000+ ",4.5,$25 - $49,"""50 - 249""","Montevideo,",None,https://clutch.co/profile/arkano-software,https://www.arkanosoft.com/,comercial@arkanosoft.com,"
(+598) 2 484 6189 "
Sembit ," $5,000+ ",4.8,$100 - $149,"""10 - 49""","Portland,",OR,https://clutch.co/profile/sembit,http://www.sembit.com,clutch@sembit.com,"
(503) 828-9428 "
it-solve," $5,000+ ",4.5,$25 - $49,"""10 - 49""","Czestochowa,",None,https://clutch.co/profile/it-solve,http://www.it-solve.pl,zlecenia@it-solve.pl,"
+48889132992 "
ByteAnt," $10,000+ ",5,$25 - $49,"""10 - 49""","Lviv,",None,https://clutch.co/profile/byteant,http://www.byteant.com/,info@byteant.com,"
+38-095-361-1802 "
ArtBrains Software, Undisclosed,4,$25 - $49,"""10 - 49""","Lviv,",None,https://clutch.co/profile/artbrains-software,http://www.artbrains-software.com,ceo@artbrains-software.com,"
+380950040047 "
Uniwebb Software," $25,000+ ",5,$100 - $149,"""10 - 49""","Elk Grove,",CA,https://clutch.co/profile/uniwebb-software,http://www.uniwebb.com,support@uniwebb.com,"
916-239.6037 "
Future Expert," $1,000+ ",4.8,< $25,"""2 - 9""","Ahmedabad,",None,https://clutch.co/profile/future-expert,http://www.FutureExpert.com,info@futureexpert.com,"
+91 7600010002 "
ONLINICO," $5,000+ ",5,$50 - $99,"""10 - 49""","Marietta,",GA,https://clutch.co/profile/onlinico,https://www.onlini.co/,hello@onlini.co,"
+1 (404) 465-3506 "
"Vizual Technologies, Inc."," $1,000+ ",5,$25 - $49,"""10 - 49""","Aventura,",FL,https://clutch.co/profile/vizual-technologies,https://vizualtech.com,info@vizualtech.com,"
1.305.767.2174 "
UPlanet Inc ," $10,000+ ",5,$25 - $49,"""50 - 249""","Parker ,",CO,https://clutch.co/profile/uplanet,https://uplanet.biz/,sergii@uplanet.biz,"
+17209519470 "
DINO - Tech Solutions," $1,000+ ",4.8,$100 - $149,"""2 - 9""","Toronto,",None,https://clutch.co/profile/dino-tech-solutions,http://devdino.com,info@devdino.com,"
+1-647-234-6805 "
JMR Technologies," $5,000+ ",4.6,$25 - $49,"""10 - 49""","Warsaw,",None,https://clutch.co/profile/jmr-technologies,http://www.jmr.pl/en/,contact@jmr.pl,"
+48 22 415 55 80 "
Techstern Solutions," $5,000+ ",4.5,< $25,"""10 - 49""","Ranchi,",None,https://clutch.co/profile/techstern-solutions,http://techstern.com/,info@techstern.com,"
7762924123 "
Brainence," $1,000+ ",5,< $25,"""10 - 49""","Lviv,",None,https://clutch.co/profile/brainence,http://brainence.com,sales@brainence.com,"
+38 (096) 437 5079 "
AppsVolt," $5,000+ ",4.8,$25 - $49,"""10 - 49""","Sacramento,",CA,https://clutch.co/profile/appsvolt,http://www.appsvolt.com,sales@appsvolt.com,"
(916) 469-5672 "
TeshCorp, Undisclosed,4.5,$150 - $199,"""2 - 9""","Spring Valley,",NY,https://clutch.co/profile/teshcorp,http://www.teshcorp.com,eliaso@teshcorp.com,"
866.515.8374 "
Everlabs," $5,000+ ",5,$25 - $49,"""10 - 49""","Cherkasy,",None,https://clutch.co/profile/everlabs,https://everlabs.com,oleg@everlabs.com,"
+380674453282 "
E2logy," $5,000+ ",5,< $25,"""50 - 249""","Ahmedabad,",None,https://clutch.co/profile/e2logy,http://e2logy.com,sales@e2logy.com,"
91.79.2676.2385 "
Open Solutions," $1,000+ ",5,$25 - $49,"""50 - 249""","Penza,",None,https://clutch.co/profile/open-solutions,http://osinit.com,sales@osinit.com,"
+7 (841) 2-200-604 "
Lionwood.software, Undisclosed,5,$25 - $49,"""10 - 49""","Lviv,",None,https://clutch.co/profile/lionwoodsoftware,https://lionwood.software/,sales@lionwood.software,"
+380630616869 "
Accedia," $1,000+ ",4.3,$50 - $99,"""50 - 249""","Sofia,",None,https://clutch.co/profile/accedia,https://accedia.com/,office@accedia.com,"
+359.2.444.2003 "
HyperTrends Global Inc.," $25,000+ ",5,$100 - $149,"""10 - 49""","San Diego,",CA,https://clutch.co/profile/hypertrends-global,http://www.hypertrends.com,sales@hypertrends.com,"
800-626-3503 "
Wetware Systems Private Limited," $5,000+ ",5,< $25,"""10 - 49""","Gurgaon,",None,https://clutch.co/profile/wetware-systems-private,http://wetwaresystems.in/,business@wetwaresystems.in,"
91-9718123766 "
XAM," $10,000+ ",5,None,"""10 - 49""","Sydney,",None,https://clutch.co/profile/xam,http://xam-consulting.com/app-dev-gen?utm_source=clutchio&utm_medium=clutchio,drew@xam-consulting.com,"
0404 865 350 "
A6 Digital," $5,000+ ",5,$25 - $49,"""10 - 49""","London,",None,https://clutch.co/profile/a6-digital,https://a6digital.com,hello@a6digital.com,"
+44 7400482759 "
Intobi," $5,000+ ",5,$25 - $49,"""10 - 49""","Kyiv,",None,https://clutch.co/profile/intobi,http://intobi.com,info@intobi.com,"
+380635042412 "
Liki Mobile Solutions," $10,000+ ",4.5,$25 - $49,"""10 - 49""","Lodz,",None,https://clutch.co/profile/liki-mobile-solutions,https://likims.com/,office@likims.com,"
(+48) 42 203 94 85 "
XeoDev," $10,000+ ",5,$50 - $99,"""2 - 9""","Orlando,",FL,https://clutch.co/profile/xeodev,https://www.xeodev.com/,partners@xeodev.com,"
(844) 884-9773 "
INTELLISOFT Corp," $10,000+ ",4.8,$25 - $49,"""10 - 49""","Las Vegas,",NV,https://clutch.co/profile/intellisoft-corp,http://www.intellisoftware.net,sales@intellisoftware.net,"
+1.702.4257804 "
Webomaze Technologies," $1,000+ ",5,< $25,"""50 - 249""","Zirakpur,",None,https://clutch.co/profile/webomaze-technologies,https://www.webomaze.com,hello@webomaze.com,"
+91-855-687-0133 "
Shinetech Europe," $25,000+ ",5,$50 - $99,"""250 - 999""","London,",None,https://clutch.co/profile/shinetech-europe,http://www.shinetechsolution.com,info@shinetechsolution.com,"
 "
Jazzros Software Development," $5,000+ ",4.5,$25 - $49,"""10 - 49""","Kharkiv,",None,https://clutch.co/profile/jazzros-software-development,http://www.jazzros.com,info@jazzros.com,"
+380985621978 "
Svitla Systems, Undisclosed,4,None,"""250 - 999""","Corte Madera,",CA,https://clutch.co/profile/svitla-systems,http://www.svitla.com,nicole@svitla.com,"
+1 415 891 8605 "
Code Plus Ltd.," $1,000+ ",5,$25 - $49,"""2 - 9""","Blagoevgrad,",None,https://clutch.co/profile/code-plus,http://codeplusmarketing.com,info@codeplusmarketing.com,"
 "
nexocode," $25,000+ ",4.9,$25 - $49,"""2 - 9""","Cracow,",None,https://clutch.co/profile/nexocode,https://www.nexocode.com,info@nexocode.com,"
+48 12 3769540 "
Nextware Technologies, Undisclosed,4.7,$100 - $149,"""2 - 9""","Santa Monica,",CA,https://clutch.co/profile/nextware-technologies,http://www.nextwaretech.com/,sales@nextwaretech.com,"
+1 (310) 955-9919 "
NeuroSYS," $5,000+ ",4.4,$25 - $49,"""10 - 49""","Wrocaw,",None,https://clutch.co/profile/neurosys,http://www.neurosys.com,m.kasprzak@neurosys.com,"
(0048) 71 750 41 15 "
StaffYourTeam, Undisclosed,4.8,$25 - $49,"""50 - 249""","New York,",NY,https://clutch.co/profile/staffyourteam,http://staffyourteam.com/,yuliya.gudkova@oxagile.com,"
855 466 9244 "
Margasoft Corp.," $10,000+ ",4.8,$50 - $99,"""10 - 49""","Burbank,",CA,https://clutch.co/profile/margasoft-corp,http://margasoft.com/,sales@margasoft.com,"
+1.866.907.4081 "
MyTech Solutions," $5,000+ ",5,< $25,"""10 - 49""","Aurangabad,",None,https://clutch.co/profile/mytech-solutions,http://mytechsolutions.co.in,mahesh@teammytech.com,"
+91.982.327.3939 "
WebDreamLab," $5,000+ ",5,$25 - $49,"""50 - 249""","Lviv,",None,https://clutch.co/profile/webdreamlab,http://webdreamlab.com,sales@webdreamlab.com,"
+380930000714 "
Droxic," $10,000+ ",4.8,$50 - $99,"""50 - 249""","Sofia,",None,https://clutch.co/profile/droxic,http://droxic.com,george.georgiev@droxic.com,"
+359.2.870.4704 "
Pronto Software Solutions Private Limited," $5,000+ ",5,< $25,"""10 - 49""","Bengalore,",None,https://clutch.co/profile/pronto-software-solutions-private,http://www.pronto-ss.com,contact@pronto-ss.com,"
+91.80.2653.0359 "
Bridge Global, Undisclosed,4.3,$25 - $49,"""50 - 249""","Schiphol,",None,https://clutch.co/profile/bridge-global,http://bridge-global.com/,info@bridge-global.com,"
+31 (0) 20 22 21 72 9 "
Programmers.io," $5,000+ ",4.8,< $25,"""10 - 49""","Dallas,",TX,https://clutch.co/profile/programmersio,http://www.programmers.io/,,"
+1-800-600-5822 "
Rlogical Techsoft Pvt. Ltd.," $1,000+ ",4.8,< $25,"""10 - 49""","Ahmedabad,",None,https://clutch.co/profile/rlogical-techsoft,http://www.rlogical.com,contact@rlogical.om,"
+919824601707 "
Prototyp," $1,000+ ",5,$50 - $99,"""2 - 9""","Osijek,",None,https://clutch.co/profile/prototyp,http://prototyp.digital,hello@prototyp.digital,"
+385955147795 "
Gorrion Software House," $1,000+ ",4.9,$25 - $49,"""10 - 49""","Gliwice,",None,https://clutch.co/profile/gorrion-software-house,https://www.gorrion.io/,hello@gorrion.io,"
+48 884 880 380 "
Five Exceptions Software Solutions Pvt Ltd," $1,000+ ",4.7,< $25,"""10 - 49""","Indore,",None,https://clutch.co/profile/five-exceptions-software-solutions,https://www.5exceptions.com/,info@5exceptions.com,"
+91.0731.4002593 "
Prishusoft," $1,000+ ",5,< $25,"""10 - 49""","Ahmedabad,",None,https://clutch.co/profile/prishusoft,http://www.prishusoft.com,prishusoft@gmail.com,"
9537120913 "
Direction Software Solutions," $10,000+ ",4.3,$50 - $99,"""250 - 999""","Mumbai,",None,https://clutch.co/profile/direction-software-solutions,http://direction.biz/,s.chainani@direction.biz,"
912261525000 "
Acropolium ," $5,000+ ",5,$25 - $49,"""50 - 249""",None,None,https://clutch.co/profile/acropolium,http://www.acropolium.com,info@acropolium.com,"
 "
InAllMedia, Undisclosed,5,$25 - $49,"""2 - 9""","Seattle,",WA,https://clutch.co/profile/inallmedia,http://inallmedia.com,sales@inallmedia.com,"
+01.212.4203.3030 "
Tech9," $5,000+ ",5,$50 - $99,"""10 - 49""","Lehi,",UT,https://clutch.co/profile/tech9,http://www.tech9.com,sales@tech9.com,"
+1.801.692.3252  "
revolve," $5,000+ ",5,$25 - $49,"""10 - 49""","Katowice,",None,https://clutch.co/profile/revolve,http://revolve.pro,it@revolve.pro,"
+48 695 400 481 "
Emerline," $50,000+ ",5,None,"""50 - 249""","Mountain View,",CA,https://clutch.co/profile/emerline,https://emerline.com,info@emerline.com,"
+1 650 625 83 47 "
SVAPS Systems, Undisclosed,4.5,$25 - $49,"""10 - 49""","Minsk,",None,https://clutch.co/profile/svaps-systems,http://svaps.com,sales@svaps.com,"
+375296559088 "
Bridge Technology Services," $25,000+ ",5,$25 - $49,"""10 - 49""","Bandung,",None,https://clutch.co/profile/bridge-technology-services,http://www.bridgetech.co.id,info@bridgetech.co.id,"
+6287822000788 "
Sprinterra," $5,000+ ",4,$25 - $49,"""50 - 249""","New York,",NY,https://clutch.co/profile/sprinterra,http://sprinterra.com,info@sprinterra.com,"
212-300-37-74 "
MedRec Technologies ," $5,000+ ",5,$25 - $49,"""50 - 249""","London,",None,https://clutch.co/profile/medrec-technologies,https://medrectechnologies.com,hello@medrectechnologies.com,"
+44.7466035003 "
SP TECH Inc," $1,000+ ",4.5,< $25,"""2 - 9""","Gaithersburg,",MD,https://clutch.co/profile/sp-tech,http://www.sptechusa.com,info@sptechusa.com,"
+1.610.986.4971 "
ProTechGenie," $5,000+ ",4.8,$25 - $49,"""10 - 49""","Jaipur,",None,https://clutch.co/profile/protechgenie,http://www.protechgenie.com/,info@protechgenie.com,"
+91-7300097493 "
Jaguar Labs," $5,000+ ",4,$25 - $49,"""50 - 249""","Zapopan,",None,https://clutch.co/profile/jaguar-labs,http://www.jaguarlabs.com,ventas@jaguarlabs.com,"
52(33)1561.3626 "
"Overture Consulting, LLC"," $5,000+ ",5,$100 - $149,"""2 - 9""","Plano,",TX,https://clutch.co/profile/overture-consulting,http://overtureconsulting.com,info@overtureconsulting.com,"
972-218-0179 "
Aguai Solutions Pvt Ltd, Undisclosed,4,$25 - $49,"""10 - 49""","Bangalore,",None,https://clutch.co/profile/aguai-solutions,http://www.aguaisolutions.com,contactus@aguaisolutions.com,"
91.9880244406 "
Blue Brick, Undisclosed,4.5,$25 - $49,"""10 - 49""","Lodz,",None,https://clutch.co/profile/blue-brick,http://www.bluebrick.pl/en/,tom@bluebrick.pl,"
 "
Simplogics Solutions Pvt Ltd," $5,000+ ",2.3,< $25,"""10 - 49""","Trivandrum,",None,https://clutch.co/profile/simplogics-solutions,http://simplogics.com/,sales@simplogics.com,"
+91 9847050516 "
Blueberry Consultants," $50,000+ ",None,$25 - $49,"""50 - 249""","Birmingham,",None,https://clutch.co/profile/blueberry-consultants,https://www.bbconsult.co.uk/,enquiries-contact@bbconsult.co.uk,"
+44 0121 285 6404 "
TEAM International," $25,000+ ",None,$50 - $99,"""250 - 999""","Lake Mary,",FL,https://clutch.co/profile/team-international,https://www.teaminternational.com/,sales@teaminternational.com,"
+1 407-708-5790 "
Crimson," $25,000+ ",None,$200 - $300,"""50 - 249""","Birmingham,",None,https://clutch.co/profile/crimson,https://www.crimson.co.uk,,"
+44 01675 466 477 "
Pulsion," $25,000+ ",None,$200 - $300,"""10 - 49""","Glasgow,",None,https://clutch.co/profile/pulsion,https://www.pulsion.co.uk/,info@pulsion.co.uk,"
+44 0141 352 2280 "
The Nerdery," $100,000+ ",None,$150 - $199,"""250 - 999""","Bloomington,",MN,https://clutch.co/profile/nerdery,https://nerdery.com/,info@nerdery.com,"
877.664.6373 "
StartLightSoft Web Studio," $5,000+ ",None,$25 - $49,"""10 - 49""","Palm Coast,",FL,https://clutch.co/profile/startlightsoft-web-studio,http://www.startlightsoft.com,info@startlightsoft.com,"
+1 732 567-5358 "
Albus Technologies, Undisclosed,None,None,"""10 - 49""","Bhubaneswar,",None,https://clutch.co/profile/albus-technologies,http://www.albustechnologies.com,info@albustechnologies.com,"
0674.2585.995 "
Impact Technology Software Development, Undisclosed,None,$50 - $99,"""2 - 9""","Kendal,",None,https://clutch.co/profile/impact-technology-software-development,http://www.impacttechnology.co.uk/software-development,sales@impacttechnology.co.uk,"
01539 822667 "
Techbit Solutions Pvt. Ltd. ," $10,000+ ",None,$25 - $49,"""50 - 249""","Mohali,",None,https://clutch.co/profile/techbit-solutions,http://www.techbitsolution.com/,tech@techbitsolution.com,"
0172 509 9507 "
Transition Computing ," $10,000+ ",None,None,"""10 - 49""","Milton Keynes,",None,https://clutch.co/https%3A//clutch.co/profile/transition-computing,http://www.transitioncomputing.com/,solutions@transitioncomputing.com,"
01908 657960 "
Devbridge Group ," $250,000+ ",None,$50 - $99,"""250 - 999""","Chicago,",IL,https://clutch.co/profile/devbridge-group,https://www.devbridge.com/,sales@devbridge.com,"
312.242.1642 "
01 IT Solutions," $1,000+ ",None,$50 - $99,"""2 - 9""","Westmont,",IL,https://clutch.co/profile/01-it-solutions,http://01itsolution.com/,info@01itsolution.com,"
331-425-5135 "
PNN Soft, Undisclosed,None,$25 - $49,"""50 - 249""","Kiev ,",None,https://clutch.co/profile/pnn-soft,http://www.pnnsoft.com,j.rybalkina@pnn.in.ua,"
+ 38-044-239-9897 "
HYS Enterprise," $1,000+ ",None,$25 - $49,"""50 - 249""","Odesa,",None,https://clutch.co/profile/hys-enterprise,http://www.hys-enterprise.com/Home/Main,info@hys-enterprise.com,"
+31 (0) 20 893 22 02 "
TechnoBrains IT Solution Pvt Ltd," $10,000+ ",None,$25 - $49,"""50 - 249""","Chantilly,",VA,https://clutch.co/profile/technobrains-it-solution,http://www.technobrains.net,leads@technobrains.net,"
+18044907716 "
Onwelo," $10,000+ ",None,$25 - $49,"""250 - 999""","New York,",NY,https://clutch.co/profile/onwelo,http://www.onwelo.com,contact@onwelo.com,"
6464079471 "
"Enforme Interactive, Inc.", Undisclosed,None,$100 - $149,"""10 - 49""","Frederick,",MD,https://clutch.co/profile/enforme-interactive,http://www.enforme.com,Carrie@enforme.com,"
301-694-0273 "
Order Of Code, Undisclosed,None,$25 - $49,"""10 - 49""","Przemyl,",None,https://clutch.co/profile/order-code,http://www.orderofcode.com/,office@orderofcode.com,"
 "
MMTR, Undisclosed,None,< $25,"""50 - 249""","Kostroma,",None,https://clutch.co/profile/mmtr,http://www.mmtr.ru,rsmirnov@mmtr.ru,"
 "
Wintellect ," $5,000+ ",None,$100 - $149,"""10 - 49""","Atlanta,",GA,https://clutch.co/profile/wintellect,https://www.wintellect.com/,info@wintellect.com,"
1.865.966.5528 "
Hexacta," $5,000+ ",None,$25 - $49,"""250 - 999""","Buenos Aires,",None,https://clutch.co/profile/hexacta,http://www.hexacta.com/,hi@hexacta.com,"
54.11.5299.5400 "
JMB Lab ," $5,000+ ",None,$25 - $49,"""10 - 49""","Gdask,",None,https://clutch.co/profile/jmb-lab,http://jmblab.com,p.jurek@jmblab.com,"
 "
Kavin Corporation," $1,000+ ",None,$25 - $49,"""10 - 49""","Bangalore,",None,https://clutch.co/profile/kavin-corporation,http://www.kavinsoft.com,kaushal@kavintech.com,"
+91 - 944 983 5712 "
Edsson Software," $1,000+ ",None,$25 - $49,"""50 - 249""","Kyiv,",None,https://clutch.co/profile/edsson-software,https://www.edsson.com/,rohanin@edsson.com,"
+380504522957 "
SysG Soft Solutions," $1,000+ ",None,< $25,"""50 - 249""","Cork,",None,https://clutch.co/profile/sysg-soft-solutions,http://www.sysgsoft.com,nitin@sysgsoft.com,"
+35 3877.835.397 "
TATEEDA," $25,000+ ",None,$25 - $49,"""10 - 49""","San Diego,",CA,https://clutch.co/profile/tateeda,http://tateeda.com,gurus@tateeda.com,"
858.353.0780 "
D-HIT ," $5,000+ ",None,$25 - $49,"""10 - 49""",None,None,https://clutch.co/profile/d-hit,http://www.dhitsolutions.com,support@dhitservices.in,"
 "
Alt-Craft," $5,000+ ",None,$25 - $49,"""10 - 49""","Tambov,",None,https://clutch.co/profile/alt-craft,http://alt-craft.com,info@alt-craft.com,"
+79996888778 "
Schnell Solutions, Undisclosed,None,None,"""50 - 249""","Stanmore,",None,https://clutch.co/profile/schnell-solutions,https://www.bespokesoftwaredevelopment.com,contact@schnellsolutions.com,"
0044 (0) 330 2233 155 "
Remote," $10,000+ ",None,$150 - $199,"""2 - 9""","Shrewsbury,",None,https://clutch.co/profile/remote,http://remote.online/,info@remote.online,"
174.338.7873 "
Aegis Soft Tech, Undisclosed,None,< $25,"""50 - 249""","Rajkot,",None,https://clutch.co/profile/aegis-soft-tech,https://www.aegissofttech.com/,info@aegissofttech.com,"
 "
PROXMEDIA SOFTWARE," $10,000+ ",None,$25 - $49,"""2 - 9""","Poznan,",None,https://clutch.co/profile/proxmedia-software,https://pxm-software.com/,m.szymczak@pxm-software.com,"
0048 725 270 070 "
GEMOTIAL, Undisclosed,None,$25 - $49,"""2 - 9""","Wroclaw,",None,https://clutch.co/profile/gemotial,http://www.gemotial.com,contact@gemotial.com,"
+48 505 418 136 "
UNITY-BARS," $10,000+ ",None,$25 - $49,"""50 - 249""","Kyiv,",None,https://clutch.co/profile/unity-bars,http://unity-bars.com/en/about_en.html,mykola.mytko@unity-bars.com,"
044 568 52 11 "
IDEAS ON," $25,000+ ",None,$50 - $99,"""10 - 49""","Warsaw,",None,https://clutch.co/profile/ideas,http://ideason.co/,office@ideason.co,"
 "
Rubius, Undisclosed,None,$25 - $49,"""50 - 249""","Tomsk,",None,https://clutch.co/profile/rubius,http://www.rubius.com,info@rubius.com,"
+7 (3822) 9-7777-2 "
Zaven, Undisclosed,None,$25 - $49,"""10 - 49""","Wrocaw,",None,https://clutch.co/profile/zaven,http://zaven.co,sales@zaven.co,"
+48602838038 "
Balidea," $10,000+ ",None,$25 - $49,"""50 - 249""","Santiago de Compostela,",None,https://clutch.co/profile/balidea,http://www.balidea.com/,info@balidea.com,"
+34.981.93.78.76 "
Satva Solutions," $5,000+ ",None,< $25,"""10 - 49""","Ahmedabad,",None,https://clutch.co/profile/satva-solutions,http://satvasolutions.com/,sales@satvasolutions.com,"
9726939798 "
Codify," $10,000+ ",None,$100 - $149,"""10 - 49""","Aberdeen ,",None,https://clutch.co/profile/codify,http://www.codify.ltd.uk/,info@codify.ltd.uk,"
122.426.1600 "
Kostya," $5,000+ ",None,$100 - $149,"""10 - 49""","Marietta,",GA,https://clutch.co/profile/kostya,https://kostya.net/,info@kostya.net,"
770.450.0001 "
RCA Digital," $10,000+ ",None,$25 - $49,"""50 - 249""","Porto Alegre,",None,https://clutch.co/profile/rca-digital,http://www.rcadigital.com.br,comercial@rcadigital.com.br,"
555130296040 "
"IowaComputerGurus, Inc.", Undisclosed,None,$100 - $149,"""2 - 9""","Ankeny,",IA,https://clutch.co/profile/iowacomputergurus,http://www.iowacomputergurus.com/,sales@iowacomputergurus.com,"
515.270.7063 "
Treta Infotech Pvt. Ltd.," $5,000+ ",None,< $25,"""10 - 49""","Surat,",None,https://clutch.co/profile/treta-infotech,http://tretainfotech.com/,mehul.d.parekh@trimantra.com,"
 "
Fortech, Undisclosed,None,$50 - $99,"""250 - 999""","Cluj Napoca,",None,https://clutch.co/profile/fortech,http://www.fortech.ro/,office@fortech.ro,"
+40 264 453303 (603) "
Susco Solutions," $50,000+ ",None,$100 - $149,"""2 - 9""","Metairie,",LA,https://clutch.co/profile/susco-solutions,http://www.suscosolutions.com,info@suscosolutions.com,"
5042649343 "
Software Development UAE, Undisclosed,None,$25 - $49,"""10 - 49""",None,None,https://clutch.co/profile/software-development-uae,http://softwaredevelopment.ae,info@softwaredevelopment.ae,"
 "
cSharp.Company," $10,000+ ",None,$25 - $49,"""2 - 9""","Lviv,",None,https://clutch.co/profile/csharpcompany,http://csharp.company/,csharp.company@gmail.com,"
 "
KualitySoft," $10,000+ ",None,$50 - $99,"""10 - 49""","London,",None,https://clutch.co/profile/kualitysoft,http://www.kualitysoft.co.uk,hello@kualitysoft.co.uk,"
+447766970777 "
Maruti Techlabs," $5,000+ ",None,$25 - $49,"""50 - 249""","Ahmedabad,",None,https://clutch.co/profile/maruti-techlabs,http://www.marutitech.com,hello@marutitech.com,"
+1 844-430-8484 "
BidOn Technology," $5,000+ ",None,$25 - $49,"""50 - 249""","Cherkasy,",None,https://clutch.co/profile/bidon-technology,http://www.bidon-tech.com,sales@bidon-tech.com,"
 "
Redtech," $25,000+ ",None,$100 - $149,"""50 - 249""","Bellevue,",WA,https://clutch.co/profile/redtech,http://www.redtech.com,hello@redtech.com,"
425.451.9855 "
Glorium Technologies, Undisclosed,None,None,"""50 - 249""","Manalapan,",NJ,https://clutch.co/profile/glorium-technologies,http://gloriumtech.com/,vmakarov@gloriumtech.com,"
888.354.0883 "
StyleTech," $10,000+ ",None,$100 - $149,"""2 - 9""","Hull ,",None,https://clutch.co/profile/styletech,https://www.styletech.co.uk/,info@styletech.co.uk,"
148.232.5779 "
Srimax Software System PVT LTD," $1,000+ ",None,$25 - $49,"""50 - 249""","Sivakasi,",None,https://clutch.co/profile/srimax-software-system,http://www.srimax.com/,sales@srimax.com,"
+91-4562-272323 "
RIIS LLC," $10,000+ ",None,$50 - $99,"""50 - 249""","Troy,",MI,https://clutch.co/profile/riis,http://riis.com/,info@riis.com,"
248.351.1200 "
Abilitics," $5,000+ ",None,$25 - $49,"""10 - 49""","Sofia,",None,https://clutch.co/profile/abilitics,http://www.abilitics.com,office@abilitics.com,"
 "
Enginess, Undisclosed,None,None,"""10 - 49""","Toronto,",None,https://clutch.co/profile/enginess,https://enginess.io,info@enginess.io,"
416 901 6151 "
Technorely ," $5,000+ ",None,$25 - $49,"""10 - 49""","Kiev,",None,https://clutch.co/profile/technorely,https://technorely.com/,info@technorely.com,"
+38(095)5097130 "
Clarisoft Technologies," $5,000+ ",None,$25 - $49,"""50 - 249""","Bucharest,",None,https://clutch.co/profile/clarisoft-technologies,https://www.clarisoft.com/,office@clarisoft.com,"
+40.722.330.588 "
PALSOFT India," $5,000+ ",None,$25 - $49,"""10 - 49""","Surat,",None,https://clutch.co/profile/palsoft-india,http://www.palsoft.co.in,info@palsoft.co.in,"
 "
INP-Software," $5,000+ ",None,< $25,"""10 - 49""","Zhitomir ,",None,https://clutch.co/profile/inp-software,http://inp-software.com,media@inp-software.com,"
380.98.274.3656 "
EBIZ TECHNOLABS, Undisclosed,None,< $25,"""10 - 49""","Ahmedabad,",None,https://clutch.co/profile/ebiz-technolabs,https://www.ebiztechnolabs.com/,info@ebiztechnolabs.com,"
 "
Software Mind," $50,000+ ",None,$25 - $49,"""50 - 249""","Krakow,",None,https://clutch.co/profile/software-mind,http://softwaremind.com/,tomasz.gunia@softwaremind.com,"
+48 12 252 34 00 "
Aligned Software Solutions," $5,000+ ",None,$100 - $149,"""2 - 9""","Vancouver,",None,https://clutch.co/profile/aligned-software-solutions,http://aligned.io,hello@aligned.io,"
604.259.7676. "
ISDDesign," $10,000+ ",None,$25 - $49,"""50 - 249""","Dnipro,",None,https://clutch.co/profile/isddesign,https://isddesign.com/,sales@isddesign.com,"
+380991757259 "
Pseudocode," $1,000+ ",None,$25 - $49,"""2 - 9""","Split,",None,https://clutch.co/profile/pseudocode,http://pseudocode.agency/,hi@pseudocode.agency,"
 "
EC Infosolutions Pvt. Ltd., Undisclosed,None,None,"""10 - 49""","Pune,",None,https://clutch.co/profile/ec-infosolutions,http://ecinfosolutions.com/,sushant@ecinfosolutions.com,"
+91 77200 64170 "
iGlobsyn Technologies," $1,000+ ",None,$25 - $49,"""50 - 249""","Hitchin ,",None,https://clutch.co/profile/iglobsyn-technologies,http://iglobsyn.com/,info@iglobsyn.com,"
 "
"NearSource, Inc"," $1,000+ ",None,$50 - $99,"""10 - 49""","Boca Raton,",FL,https://clutch.co/profile/nearsource,http://www.nearsource.net,sales@nearsource.net,"
5612088341 "
ThumbStack Technologies Private Limited," $1,000+ ",None,None,"""10 - 49""","Mumbai,",None,https://clutch.co/profile/thumbstack-technologies-private,http://thumbstack.in,contact@thumbstack.in,"
9619315090 "
Zipdev," $10,000+ ",None,$100 - $149,"""10 - 49""","San Diego,",CA,https://clutch.co/profile/zipdev,https://zipdev.co/,hello@zipdev.co,"
858.880.7035 "
Palador," $10,000+ ",None,$100 - $149,"""10 - 49""","Seattle,",WA,https://clutch.co/profile/palador,http://www.palador.com/,info@palador.com,"
206.267.9960 "
COG1," $10,000+ ",None,$150 - $199,"""10 - 49""","San Francisco,",CA,https://clutch.co/profile/cog1,http://cog1.com,info@cog1.com,"
 "
Arnia Software," $5,000+ ",None,$25 - $49,"""50 - 249""","Bucharest,",None,https://clutch.co/profile/arnia-software,http://www.arnia.ro/,contact@arnia.ro,"
+40 374 60 88 99 "
Relliks Systems," $1,000+ ",None,$25 - $49,"""10 - 49""","Lahore,",None,https://clutch.co/profile/relliks-systems,http://www.relliks.com,sales@relliks.com,"
00923216181488 "
Totient Business Solutions Pvt Ltd," $5,000+ ",None,< $25,"""10 - 49""","Bengaluru,",None,https://clutch.co/profile/totient-business-solutions,http://www.totient.in,info@totient.co.in,"
+91 80 2678 0415 "
Binary Informatics," $1,000+ ",None,< $25,"""50 - 249""","Noida,",None,https://clutch.co/profile/binary-informatics,http://binaryinformatics.com/,raviv@binaryinformatics.com,"
+91-8875603044 "
Workrocks, Undisclosed,None,$25 - $49,"""50 - 249"""," Dnepropetrovsk,",None,https://clutch.co/profile/workrocks,http://www.workrocks.com/,info@workrocks.ua,"
 "
UX Dream," $10,000+ ",None,$25 - $49,"""10 - 49""","Poznan,",None,https://clutch.co/profile/ux-dream,http://www.uxdream.com,hello@uxdream.com,"
+48 518 549 840 "
Winfy Software," $1,000+ ",None,< $25,"""10 - 49""","Cochin,",None,https://clutch.co/profile/winfy-software,http://www.winfysoftware.com/,contact@winfysoftware.com,"
+919387737551 "
Team In India," $10,000+ ",None,$25 - $49,"""250 - 999""","Bethesda,",None,https://clutch.co/profile/team-india,http://www.teaminindia.com,sales@teaminindia.com,"
+1 301 563 9488 "
Zabius Technologies," $5,000+ ",None,$25 - $49,"""10 - 49""","Ludhiana,",None,https://clutch.co/profile/zabius-technologies,http://zabius.com,info@zabius.com,"
+91-8800685443 "
ITMdevlabs," $25,000+ ",None,$25 - $49,"""10 - 49""","Wrocaw,",None,https://clutch.co/profile/itmdevlabs,http://itmdevlabs.com,hello@itmdevlabs.com,"
+48 510-216-892 "
CMC Global," $5,000+ ",None,< $25,"""250 - 999""","Hanoi,",None,https://clutch.co/profile/cmc-global,http://cmcglobal.com.vn,cmcglobalinfo@cmc.com.vn,"
 "
Vivid Infotech," $5,000+ ",None,$25 - $49,"""50 - 249""","Chennai,",None,https://clutch.co/profile/vivid-infotech,http://www.vividinfotech.com,kumaresh.s@vividinfotech.com,"
044.4202.3564.65 "
IQMBER," $10,000+ ",None,$25 - $49,"""10 - 49""",None,None,https://clutch.co/profile/iqmber,http://iqmber.com,sales@iqmber.com,"
+38(067) 681 73 92 "
CO-WELL ASIA," $5,000+ ",None,< $25,"""250 - 999""","Ha Noi,",None,https://clutch.co/profile/co-well-asia,http://www.co-well.vn/en/,do.bui@co-well.vn,"
+84.4.6297.3538 "
Productive Edge," $50,000+ ",None,None,"""250 - 999""","Chicago,",IL,https://clutch.co/profile/productive-edge,http://www.ProductiveEdge.com,Services@ProductiveEdge.com,"
312.561.9000 "
Verve Systems Pvt. Ltd.," $1,000+ ",None,< $25,"""50 - 249""","Ahmedabad,",None,https://clutch.co/profile/verve-systems,http://vervesys.com,lead@vervesys.com,"
+91-9033-280-448 "
VYNYL, Undisclosed,None,None,"""50 - 249""","Laguna Beach,",CA,https://clutch.co/profile/vynyl,https://vynyl.com/,hello@vynyl.com,"
213.465.1360 "
AppJetty," $5,000+ ",None,$25 - $49,"""2 - 9""","Ahmedabad,",None,https://clutch.co/profile/appjetty,https://www.appjetty.com/,sales@appjetty.com,"
 "
FutureSoft," $10,000+ ",None,$25 - $49,"""10 - 49""","Sofia,",None,https://clutch.co/profile/futuresoft,https://futuresoft.bg/,info@futuresoft.bg,"
+359.2.975.5011 "
Nordic Dev," $10,000+ ",None,$100 - $149,"""2 - 9""","Minneapolis,",MN,https://clutch.co/profile/nordic-dev,https://nordicdev.io/,contact@nordicdev.io,"
+1.612.314.9852 "
itSilesia," $10,000+ ",None,$25 - $49,"""10 - 49""","Gliwice,",None,https://clutch.co/profile/itsilesia,http://itsilesia.com,info@itsilesia.com,"
+48608384069 "
Deo Labs," $5,000+ ",None,$25 - $49,"""2 - 9""","Montevideo,",None,https://clutch.co/profile/deo-labs,http://www.deo-labs.com,lucas.elmallian@deo-labs.com,"
+59894697414 "
Sedente," $10,000+ ",None,$25 - $49,"""2 - 9""","Richmond,",TX,https://clutch.co/profile/sedente,http://www.sedente.com,sales@sedente.com,"
832 359 2099 "
Design Direct UK," $1,000+ ",None,< $25,"""10 - 49""","Enfield,",None,https://clutch.co/profile/design-direct-uk,https://www.designdirectuk.com/,info@designdirectuk.com,"
+44 020 8363 4905 "
Atlas Solutions," $5,000+ ",None,$150 - $199,"""10 - 49""","Minneapolis,",MN,https://clutch.co/profile/atlas-solutions,http://www.atlas-x.com,info@atlas-x.com,"
651-24-59582 "
Antares Code Studio," $5,000+ ",None,$25 - $49,"""10 - 49""","London,",None,https://clutch.co/profile/antares-code-studio,http://www.antarescodestudio.com,hello@antarescodestudio.com,"
+44 7888 896 869 "
Flatlogic," $5,000+ ",None,$50 - $99,"""2 - 9""","Minsk,",None,https://clutch.co/profile/flatlogic,http://flatlogic.com,contact@flatlogic.com,"
+375293246726 "
Planeer Technologies Pvt. Ltd., Undisclosed,None,< $25,"""10 - 49""","Dehradun,",None,https://clutch.co/profile/planeer-technologies,http://www.planeers.com,info@planeers.com,"
+91 135-6055005 "
Tecziq Solutions, Undisclosed,None,$25 - $49,"""10 - 49""","Delhi-NCR (Noida),",None,https://clutch.co/profile/tecziq-solutions,http://www.tecziq.com,info@tecziq.com,"
+91 120 4545889 "
AFour Technologies ," $50,000+ ",None,None,"""50 - 249""","Pune,",None,https://clutch.co/profile/afour-technologies,https://afourtech.com,contact@afourtech.com,"
+91 20 6500 0402 "
Fivebox," $5,000+ ",None,$100 - $149,"""10 - 49""","Atlanta,",GA,https://clutch.co/profile/fivebox,https://www.fivebox.com/,hello@fivebox.com,"
800.641.7790 "
ImproveIT Solutions," $1,000+ ",None,$25 - $49,"""10 - 49""","Chernivtsi,",None,https://clutch.co/profile/improveit-solutions,http://improveit.solutions,info@improveit.solutions,"
+380676736718 "
9series Solutions Pvt. Ltd, Undisclosed,None,$25 - $49,"""50 - 249""","Ahmedabad,",None,https://clutch.co/profile/9series-solutions,http://www.9spl.com,raxit.jani@9spl.com,"
+919033630947 "
Blue Owl ," $5,000+ ",None,$25 - $49,"""2 - 9""","Pozna,",None,https://clutch.co/profile/blue-owl,http://www.blueowlagency.com,k.stola@blueowl.pl,"
0048690900344 "
Metizsoft Solutions Pvt Ltd," $1,000+ ",None,< $25,"""50 - 249""","Ahmedabad,",None,https://clutch.co/profile/metizsoft-solutions,https://www.metizsoft.com/,sales@metizsoft.com,"
+1 (845) 418-5206 "
Polygant," $10,000+ ",None,$25 - $49,"""10 - 49""","Moscow,",None,https://clutch.co/profile/polygant,http://polygant.net/,project@polygant.net,"
 "
Automly App Development Company," $25,000+ ",None,$50 - $99,"""Freelancer""","Chicago,",IL,https://clutch.co/profile/automly-app-development-company,http://www.automly.com,sales@automly.com,"
3127095064 "
iSplendid," $1,000+ ",None,< $25,"""10 - 49""","Sydney,",None,https://clutch.co/profile/isplendid,https://isplendid.com.au/,apps@isplendid.com.au,"
+66 413 0039200 "
Radra Solutions," $5,000+ ",None,$100 - $149,"""2 - 9""","Inverness,",IL,https://clutch.co/profile/radra-solutions,https://www.radrasolutions.com/,contact@radrasolutions.com,"
+1.773.750.1038 "
BSN Infotech," $1,000+ ",None,$25 - $49,"""50 - 249""","Lucknow,",None,https://clutch.co/profile/bsn-infotech,http://www.bsninfotech.net,info@bsninfotech.net,"
0522-4959891 "
DCCOLORWEB," $5,000+ ",None,$25 - $49,"""2 - 9""","Santa Tecla,",None,https://clutch.co/profile/dccolorweb,http://dccolorweb.com/,luisd@dccolorweb.com,"
 "
Aligned Global," $10,000+ ",None,$100 - $149,"""2 - 9""","Miami,",FL,https://clutch.co/profile/aligned-global,https://www.alignedglobal.com/,info@alignedglobal.com,"
+1.305.731.2117 "
Rgens Plc," $5,000+ ",None,$25 - $49,"""10 - 49""","Budapest,",None,https://clutch.co/profile/r%C3%A9gens-plc,http://www.regenseurope.com,szarka.andrea@regens.hu,"
+36 1 205 3090 "
"Corgibytes, LLC"," $25,000+ ",None,$150 - $199,"""10 - 49""","Richmond,",VA,https://clutch.co/profile/corgibytes,http://corgibytes.com,sales@corgibytes.com,"
804-596-2375 "
Tech Indiana Software Solutions Pvt Ltd," $1,000+ ",None,< $25,"""10 - 49""","Nasik,",None,https://clutch.co/profile/tech-indiana-software-solutions,http://www.techindiana.com,info@techindiana.com,"
+91-0253 2395428 "
Sailor Info Tech Limited," $1,000+ ",None,$25 - $49,"""10 - 49""",None,None,https://clutch.co/profile/sailor-info-tech,http://www.sailorinfotech.com,info@sailorinfotech.com,"
+8801913486249 "
Sarvika Technologies," $1,000+ ",None,< $25,"""10 - 49""","Jaipur,",None,https://clutch.co/profile/sarvika-technologies,http://www.sarvika.com,authsmaccounts@sarvika.com,"
+91-141-4911243 "
Ingenuity Technologies Limited , Undisclosed,None,$25 - $49,"""10 - 49""",None,None,https://clutch.co/profile/ingenuity-technologies,http://www.ingenuitytech.co/,sales@ingenuitytech.co,"
 "
Rays TechServ Private Limited," $1,000+ ",None,< $25,"""10 - 49""","Ahmedabad,",None,https://clutch.co/profile/rays-techserv-private,http://www.raysindia.com,rdave@raysindia.com,"
+91 79 26765056 "
BrainyBeam Technologies Pvt Ltd," $5,000+ ",None,< $25,"""10 - 49""","Ahmedabad,",None,https://clutch.co/profile/brainybeam-technologies,http://www.brainybeam.com,milan@brainybeam.com,"
+919725980975 "
"Hatton Point, Inc"," $10,000+ ",None,$150 - $199,"""2 - 9""","Denver,",None,https://clutch.co/profile/hatton-point,https://hattonpoint.com/,info@hattonpoint.com,"
+1 303-232-3840 "
HybridTechLabs - Custom Apps Development - Software Developers Poland," $5,000+ ",None,$25 - $49,"""2 - 9""","London,",None,https://clutch.co/profile/hybridtechlabs-custom-apps-development-software-developers-poland,https://HybridTechLabs.com,contact@HybridTechLabs.com,"
+48-600-649-946 "
Telexar ," $1,000+ ",None,< $25,"""2 - 9""","Colombo,",None,https://clutch.co/profile/telexar,http://www.telexarsoftware.com,info@telexarsoftware.com,"
(94) 767422048 "
Zeeaam Technologies, Undisclosed,None,None,"""Freelancer""","Lahore,",None,https://clutch.co/profile/zeeaam-technologies,http://www.zeeaam.com,contact@zeeaam.com,"
+92 300 4200764 "
